{"retriever_model": "nomic-embed-text", "number_of_inputs": 7, "retriever": {"med": 0.021901607513427734, "avg": 0.03564616612025669, "min": 0.016544818878173828, "max": 0.12176108360290527}, "metrics": {"nDCG": 0.10755496764674757, "Precision@5": 0.08571428571428573, "Recall@5": 0.05996860282574568, "Precision@10": 0.042857142857142864, "Recall@10": 0.05996860282574568, "Precision@20": 0.03571428571428571, "Recall@20": 0.09136577708006278}}