{"retriever_model": "nomic-embed-text", "number_of_inputs": 7, "retriever": {"med": 0.022422075271606445, "avg": 0.10720780917576381, "min": 0.01613473892211914, "max": 0.6224925518035889}, "metrics": {"nDCG": 0.10810634700936372, "Precision@5": 0.08571428571428573, "Recall@5": 0.05996860282574568, "Precision@10": 0.042857142857142864, "Recall@10": 0.05996860282574568, "Precision@20": 0.03571428571428571, "Recall@20": 0.09136577708006278}}