{"retriever_model": "nomic-embed-text", "number_of_inputs": 7, "retriever": {"med": 0.7265243530273438, "avg": 0.7438461099352155, "min": 0.7064976692199707, "max": 0.8313734531402588}, "metrics": {"nDCG": 0.041737992358974775, "Precision@5": 0.08571428571428573, "Recall@5": 0.0423861852433281, "Precision@10": 0.042857142857142864, "Recall@10": 0.0423861852433281, "Precision@20": 0.021428571428571432, "Recall@20": 0.0423861852433281}}