{"retriever_model": "all-minilm", "number_of_inputs": 7, "retriever": {"med": 0.7848782539367676, "avg": 0.8092690195356097, "min": 0.7319257259368896, "max": 0.9634606838226318}, "metrics": {"nDCG": 0.01333769749466771, "Precision@5": 0.028571428571428574, "Recall@5": 0.01098901098901099, "Precision@10": 0.014285714285714287, "Recall@10": 0.01098901098901099, "Precision@20": 0.0071428571428571435, "Recall@20": 0.01098901098901099}}