{"retriever_model": "nomic-embed-text", "number_of_inputs": 7, "retriever": {"med": 0.7308139801025391, "avg": 0.7640957151140485, "min": 0.7143278121948242, "max": 0.8695869445800781}, "metrics": {"nDCG": 0.041737992358974775, "Precision@5": 0.08571428571428573, "Recall@5": 0.0423861852433281, "Precision@10": 0.042857142857142864, "Recall@10": 0.0423861852433281, "Precision@20": 0.021428571428571432, "Recall@20": 0.0423861852433281}}